path,true_label,pred_label,probability,error_type,confidence_margin
data/raw/chest_xray/test/NORMAL/test_normal_00011.jpeg,Normal,Pneumonia,0.5217,FP,0.0217
data/raw/chest_xray/test/NORMAL/test_normal_00014.jpeg,Normal,Pneumonia,0.9423,FP,0.4423
data/raw/chest_xray/test/NORMAL/test_normal_00016.jpeg,Normal,Pneumonia,0.9824,FP,0.4824
data/raw/chest_xray/test/NORMAL/test_normal_00028.jpeg,Normal,Pneumonia,0.7035,FP,0.2035
data/raw/chest_xray/test/NORMAL/test_normal_00040.jpeg,Normal,Pneumonia,0.9829,FP,0.4829
data/raw/chest_xray/test/NORMAL/test_normal_00045.jpeg,Normal,Pneumonia,0.9816,FP,0.4816
data/raw/chest_xray/test/NORMAL/test_normal_00048.jpeg,Normal,Pneumonia,0.8273,FP,0.3273
data/raw/chest_xray/test/NORMAL/test_normal_00049.jpeg,Normal,Pneumonia,0.527,FP,0.027
data/raw/chest_xray/test/NORMAL/test_normal_00052.jpeg,Normal,Pneumonia,0.9665,FP,0.4665
data/raw/chest_xray/test/NORMAL/test_normal_00056.jpeg,Normal,Pneumonia,0.9718,FP,0.4718
data/raw/chest_xray/test/NORMAL/test_normal_00059.jpeg,Normal,Pneumonia,0.6128,FP,0.1128
data/raw/chest_xray/test/NORMAL/test_normal_00062.jpeg,Normal,Pneumonia,0.8904,FP,0.3904
data/raw/chest_xray/test/NORMAL/test_normal_00066.jpeg,Normal,Pneumonia,0.9304,FP,0.4304
data/raw/chest_xray/test/NORMAL/test_normal_00067.jpeg,Normal,Pneumonia,0.9553,FP,0.4553
data/raw/chest_xray/test/NORMAL/test_normal_00080.jpeg,Normal,Pneumonia,0.819,FP,0.319
data/raw/chest_xray/test/NORMAL/test_normal_00119.jpeg,Normal,Pneumonia,0.9087,FP,0.4087
data/raw/chest_xray/test/NORMAL/test_normal_00120.jpeg,Normal,Pneumonia,0.9605,FP,0.4605
data/raw/chest_xray/test/NORMAL/test_normal_00121.jpeg,Normal,Pneumonia,0.9716,FP,0.4716
data/raw/chest_xray/test/NORMAL/test_normal_00122.jpeg,Normal,Pneumonia,0.8518,FP,0.3518
data/raw/chest_xray/test/NORMAL/test_normal_00123.jpeg,Normal,Pneumonia,0.9172,FP,0.4172
data/raw/chest_xray/test/NORMAL/test_normal_00124.jpeg,Normal,Pneumonia,0.987,FP,0.487
data/raw/chest_xray/test/NORMAL/test_normal_00126.jpeg,Normal,Pneumonia,0.9754,FP,0.4754
data/raw/chest_xray/test/NORMAL/test_normal_00127.jpeg,Normal,Pneumonia,0.7448,FP,0.2448
data/raw/chest_xray/test/NORMAL/test_normal_00129.jpeg,Normal,Pneumonia,0.9674,FP,0.4674
data/raw/chest_xray/test/NORMAL/test_normal_00130.jpeg,Normal,Pneumonia,0.9586,FP,0.4586
data/raw/chest_xray/test/NORMAL/test_normal_00131.jpeg,Normal,Pneumonia,0.955,FP,0.455
data/raw/chest_xray/test/NORMAL/test_normal_00132.jpeg,Normal,Pneumonia,0.8839,FP,0.3839
data/raw/chest_xray/test/NORMAL/test_normal_00133.jpeg,Normal,Pneumonia,0.9906,FP,0.4906
data/raw/chest_xray/test/NORMAL/test_normal_00134.jpeg,Normal,Pneumonia,0.9817,FP,0.4817
data/raw/chest_xray/test/NORMAL/test_normal_00135.jpeg,Normal,Pneumonia,0.9552,FP,0.4552
data/raw/chest_xray/test/NORMAL/test_normal_00140.jpeg,Normal,Pneumonia,0.9728,FP,0.4728
data/raw/chest_xray/test/NORMAL/test_normal_00141.jpeg,Normal,Pneumonia,0.8689,FP,0.3689
data/raw/chest_xray/test/NORMAL/test_normal_00143.jpeg,Normal,Pneumonia,0.9865,FP,0.4865
data/raw/chest_xray/test/NORMAL/test_normal_00144.jpeg,Normal,Pneumonia,0.9817,FP,0.4817
data/raw/chest_xray/test/NORMAL/test_normal_00145.jpeg,Normal,Pneumonia,0.8605,FP,0.3605
data/raw/chest_xray/test/NORMAL/test_normal_00146.jpeg,Normal,Pneumonia,0.9608,FP,0.4608
data/raw/chest_xray/test/NORMAL/test_normal_00149.jpeg,Normal,Pneumonia,0.8043,FP,0.3043
data/raw/chest_xray/test/NORMAL/test_normal_00153.jpeg,Normal,Pneumonia,0.9079,FP,0.4079
data/raw/chest_xray/test/NORMAL/test_normal_00156.jpeg,Normal,Pneumonia,0.5231,FP,0.0231
data/raw/chest_xray/test/NORMAL/test_normal_00158.jpeg,Normal,Pneumonia,0.5059,FP,0.0059
data/raw/chest_xray/test/NORMAL/test_normal_00160.jpeg,Normal,Pneumonia,0.9709,FP,0.4709
data/raw/chest_xray/test/NORMAL/test_normal_00166.jpeg,Normal,Pneumonia,0.9158,FP,0.4158
data/raw/chest_xray/test/NORMAL/test_normal_00168.jpeg,Normal,Pneumonia,0.7417,FP,0.2417
data/raw/chest_xray/test/NORMAL/test_normal_00171.jpeg,Normal,Pneumonia,0.6684,FP,0.1684
data/raw/chest_xray/test/NORMAL/test_normal_00173.jpeg,Normal,Pneumonia,0.8725,FP,0.3725
data/raw/chest_xray/test/NORMAL/test_normal_00181.jpeg,Normal,Pneumonia,0.8648,FP,0.3648
data/raw/chest_xray/test/NORMAL/test_normal_00182.jpeg,Normal,Pneumonia,0.9746,FP,0.4746
data/raw/chest_xray/test/NORMAL/test_normal_00190.jpeg,Normal,Pneumonia,0.6327,FP,0.1327
data/raw/chest_xray/test/NORMAL/test_normal_00193.jpeg,Normal,Pneumonia,0.8951,FP,0.3951
data/raw/chest_xray/test/NORMAL/test_normal_00197.jpeg,Normal,Pneumonia,0.8409,FP,0.3409
data/raw/chest_xray/test/NORMAL/test_normal_00200.jpeg,Normal,Pneumonia,0.6663,FP,0.1663
data/raw/chest_xray/test/NORMAL/test_normal_00209.jpeg,Normal,Pneumonia,0.9681,FP,0.4681
data/raw/chest_xray/test/NORMAL/test_normal_00217.jpeg,Normal,Pneumonia,0.8145,FP,0.3145
data/raw/chest_xray/test/NORMAL/test_normal_00226.jpeg,Normal,Pneumonia,0.971,FP,0.471
data/raw/chest_xray/test/NORMAL/test_normal_00228.jpeg,Normal,Pneumonia,0.8204,FP,0.3204
data/raw/chest_xray/test/NORMAL/test_normal_00230.jpeg,Normal,Pneumonia,0.8764,FP,0.3764
data/raw/chest_xray/test/NORMAL/test_normal_00231.jpeg,Normal,Pneumonia,0.5028,FP,0.0028
data/raw/chest_xray/test/PNEUMONIA/test_pneumonia_00391.jpeg,Pneumonia,Normal,0.0283,FN,0.4717
data/raw/chest_xray/test/PNEUMONIA/test_pneumonia_00525.jpeg,Pneumonia,Normal,0.4015,FN,0.0985
